{
  "accuracy": 0.9933333333333333,
  "f1_macro": 0.993336030984046,
  "f1_weighted": 0.993336030984046,
  "per_class_f1": [
    0.98989898989899, 1.0, 0.9900332225913622, 1.0, 0.9900332225913622,
    0.9932885906040269, 0.9966555183946488, 0.9865771812080537,
    0.9900990099009901, 1.0, 0.9933774834437086, 0.9900990099009901, 1.0,
    0.9933333333333333, 0.9966777408637874, 0.9932885906040269, 1.0,
    0.9933333333333333, 0.9865771812080537, 0.9933333333333333,
    0.9834983498349835, 0.9932885906040269
  ],
  "confusion_matrix": [
    [147, 0, 0, 0, 1, 0, 0, 0, 0, 0, 0, 0, 0, 0, 1, 0, 0, 0, 0, 0, 1, 0],
    [0, 150, 0, 0, 0, 0, 0, 0, 0, 0, 0, 0, 0, 0, 0, 0, 0, 0, 0, 0, 0, 0],
    [0, 0, 149, 0, 0, 0, 0, 0, 1, 0, 0, 0, 0, 0, 0, 0, 0, 0, 0, 0, 0, 0],
    [0, 0, 0, 150, 0, 0, 0, 0, 0, 0, 0, 0, 0, 0, 0, 0, 0, 0, 0, 0, 0, 0],
    [0, 0, 0, 0, 149, 0, 0, 0, 0, 0, 0, 0, 0, 1, 0, 0, 0, 0, 0, 0, 0, 0],
    [0, 0, 0, 0, 1, 148, 0, 0, 0, 0, 0, 0, 0, 0, 0, 0, 0, 0, 0, 1, 0, 0],
    [0, 0, 1, 0, 0, 0, 149, 0, 0, 0, 0, 0, 0, 0, 0, 0, 0, 0, 0, 0, 0, 0],
    [0, 0, 0, 0, 0, 0, 0, 147, 1, 0, 1, 1, 0, 0, 0, 0, 0, 0, 0, 0, 0, 0],
    [0, 0, 0, 0, 0, 0, 0, 0, 150, 0, 0, 0, 0, 0, 0, 0, 0, 0, 0, 0, 0, 0],
    [0, 0, 0, 0, 0, 0, 0, 0, 0, 150, 0, 0, 0, 0, 0, 0, 0, 0, 0, 0, 0, 0],
    [0, 0, 0, 0, 0, 0, 0, 0, 0, 0, 150, 0, 0, 0, 0, 0, 0, 0, 0, 0, 0, 0],
    [0, 0, 0, 0, 0, 0, 0, 0, 0, 0, 0, 150, 0, 0, 0, 0, 0, 0, 0, 0, 0, 0],
    [0, 0, 0, 0, 0, 0, 0, 0, 0, 0, 0, 0, 150, 0, 0, 0, 0, 0, 0, 0, 0, 0],
    [0, 0, 0, 0, 0, 0, 0, 1, 0, 0, 0, 0, 0, 149, 0, 0, 0, 0, 0, 0, 0, 0],
    [0, 0, 0, 0, 0, 0, 0, 0, 0, 0, 0, 0, 0, 0, 150, 0, 0, 0, 0, 0, 0, 0],
    [0, 0, 0, 0, 0, 0, 0, 0, 1, 0, 0, 0, 0, 0, 0, 148, 0, 1, 0, 0, 0, 0],
    [0, 0, 0, 0, 0, 0, 0, 0, 0, 0, 0, 0, 0, 0, 0, 0, 150, 0, 0, 0, 0, 0],
    [0, 0, 0, 0, 0, 0, 0, 0, 0, 0, 1, 0, 0, 0, 0, 0, 0, 149, 0, 0, 0, 0],
    [0, 0, 0, 0, 0, 0, 0, 0, 0, 0, 0, 0, 0, 0, 0, 0, 0, 0, 147, 0, 3, 0],
    [0, 0, 0, 0, 0, 0, 0, 0, 0, 0, 0, 1, 0, 0, 0, 0, 0, 0, 0, 149, 0, 0],
    [0, 0, 0, 0, 0, 0, 0, 0, 0, 0, 0, 0, 0, 0, 0, 0, 0, 0, 1, 0, 149, 0],
    [0, 0, 1, 0, 0, 0, 0, 0, 0, 0, 0, 1, 0, 0, 0, 0, 0, 0, 0, 0, 0, 148]
  ],
  "classification_report_text": "                      precision    recall  f1-score   support\n\n             Bahrain     1.0000    0.9800    0.9899       150\n              Kuwait     1.0000    1.0000    1.0000       150\n                Oman     0.9868    0.9933    0.9900       150\n               Qatar     1.0000    1.0000    1.0000       150\n        Saudi_Arabia     0.9868    0.9933    0.9900       150\nUnited_Arab_Emirates     1.0000    0.9867    0.9933       150\n               Yemen     1.0000    0.9933    0.9967       150\n                Iraq     0.9932    0.9800    0.9866       150\n              Jordan     0.9804    1.0000    0.9901       150\n             Lebanon     1.0000    1.0000    1.0000       150\n           Palestine     0.9868    1.0000    0.9934       150\n               Syria     0.9804    1.0000    0.9901       150\n             Algeria     1.0000    1.0000    1.0000       150\n               Libya     0.9933    0.9933    0.9933       150\n          Mauritania     0.9934    1.0000    0.9967       150\n             Morocco     1.0000    0.9867    0.9933       150\n             Tunisia     1.0000    1.0000    1.0000       150\n             Comoros     0.9933    0.9933    0.9933       150\n            Djibouti     0.9932    0.9800    0.9866       150\n               Egypt     0.9933    0.9933    0.9933       150\n             Somalia     0.9739    0.9933    0.9835       150\n               Sudan     1.0000    0.9867    0.9933       150\n\n            accuracy                         0.9933      3300\n           macro avg     0.9934    0.9933    0.9933      3300\n        weighted avg     0.9934    0.9933    0.9933      3300\n",
  "window": "3s_5crop"
}
